Workbook

Sheet Videos_Data
A1: Video_ID | B1: Title | C1: Channel_Name | D1: Category | E1: Published_Date | F1: Trending_Date | G1: Views | H1: Likes | I1: Comments | J1: Video_Duration_Min | K1: Tags_Count | L1: Description_Length | M1: Thumbnail_Quality | N1: Country
A2: VID0001 | B2: Fortnite Animated Short | C2: ProTechMedia | D2: Film & Animation | E2: 2026-02-24 | F2: 2026-02-27 | G2: 1314880 | H2: 36108 | I2: 13822 | J2: 25.6 | K2: 22 | L2: 291 | M2: High | N2: MX
A3: VID0002 | B3: Best Cooking Compilation | C3: EpicSportsHub | D3: Entertainment | E3: 2026-05-06 | F3: 2026-05-11 | G3: 3613219 | H3: 144520 | I3: 45364 | J3: 34.9 | K3: 23 | L3: 392 | M3: High | N3: UK
A4: VID0003 | B4: Cooking Concert | C4: OfficialReviewZone | D4: Music | E4: 2026-04-28 | F4: 2026-04-30 | G4: 3986943 | H4: 171392 | I4: 54802 | J4: 54.7 | K4: 13 | L4: 642 | M4: Low | N4: MX
A5: VID0004 | B5: Fortnite Comedy Show | C5: MasterEntertainmentZone | D5: Comedy | E5: 2026-04-12 | F5: 2026-04-14 | G5: 1615073 | H5: 74712 | I5: 15069 | J5: 45 | K5: 8 | L5: 179 | M5: High | N5: CA
A6: VID0005 | B6: Future of Travel | C6: TVMusicTV | D6: Science & Technology | E6: 2026-04-17 | F6: 2026-04-24 | G6: 1432194 | H6: 37652 | I6: 11084 | J6: 18.6 | K6: 8 | L6: 553 | M6: High | N6: UK
A7: VID0006 | B7: Fitness Trailer | C7: TechReviewTV | D7: Film & Animation | E7: 2026-03-18 | F7: 2026-03-25 | G7: 2621434 | H7: 74225 | I7: 19547 | J7: 6.4 | K7: 14 | L7: 477 | M7: Medium | N7: ES
A8: VID0007 | B8: Rock Tutorial | C8: EpicEntertainmentWorld | D8: Gaming | E8: 2026-02-23 | F8: 2026-02-28 | G8: 3370776 | H8: 188673 | I8: 44791 | J8: 3.8 | K8: 13 | L8: 274 | M8: Medium | N8: ES
A9: VID0008 | B9: Rock Makeup Tutorial | C9: TechEntertainmentStudios | D9: Howto & Style | E9: 2026-02-28 | F9: 2026-03-06 | G9: 1616714 | H9: 38382 | I9: 9514 | J9: 19.6 | K9: 18 | L9: 618 | M9: Medium | N9: KR
A10: VID0009 | B10: Python Test Drive | C10: TopNewsChannel | D10: Autos & Vehicles | E10: 2026-04-29 | F10: 2026-05-05 | G10: 1635409 | H10: 33947 | I10: 9132 | J10: 55.8 | K10: 13 | L10: 540 | M10: Medium | N10: JP
A11: VID0010 | B11: Football Championship | C11: WorldGamingZone | D11: Sports | E11: 2026-03-07 | F11: 2026-03-11 | G11: 3817952 | H11: 160935 | I11: 49529 | J11: 36.3 | K11: 15 | L11: 163 | M11: High | N11: BR
A12: VID0011 | B12: Rock Full Movie | C12: BestReviewStudios | D12: Film & Animation | E12: 2026-02-20 | F12: 2026-02-27 | G12: 2719566 | H12: 74420 | I12: 25610 | J12: 38.2 | K12: 18 | L12: 328 | M12: Low | N12: CA
A13: VID0012 | B13: How to iPhone | C13: TopNewsProduction | D13: Education | E13: 2026-04-12 | F13: 2026-04-16 | G13: 1444132 | H13: 37663 | I13: 9512 | J13: 11.2 | K13: 25 | L13: 655 | M13: High | N13: MX
... A1001: VID1000 | B1001: AI Test Drive | C1001: MasterSportsNetwork | D1001: Autos & Vehicles | E1001: 2026-03-07 | F1001: 2026-03-14 | G1001: 1835584 | H1001: 40019 | I1001: 11349 | J1001: 5.8 | K1001: 18 | L1001: 249 | M1001: Medium | N1001: DE

Sheet Channel_Analytics
A1: Channel_Name | B1: Total_Videos | C1: Total_Views | D1: Total_Likes | E1: Total_Comments | F1: Avg_Views_Per_Video | G1: Avg_Likes_Per_Video | H1: Engagement_Rate_% | I1: Primary_Category
A2: BestComedyHub | B2: =COUNTIF(Videos_Data!C:C,A2) -> 3 | C2: =SUMIF(Videos_Data!C:C,A2,Videos_Data!G:G) -> 4691625 | D2: =SUMIF(Videos_Data!C:C,A2,Videos_Data!H:H) -> 164404 | E2: =SUMIF(Videos_Data!C:C,A2,Videos_Data!I:I) -> 49515 | F2: =IF(B2>0,C2/B2,0) -> 1563875 | G2: =IF(B2>0,D2/B2,0) -> 54801.333 | H2: =IF(C2>0,((D2+E2)/C2)*100,0) -> 4.5595929 | I2: Howto & Style
A3: BestEntertainmentMedia | B3: =COUNTIF(Videos_Data!C:C,A3) -> 6 | C3: =SUMIF(Videos_Data!C:C,A3,Videos_Data!G:G) -> 13965275 | D3: =SUMIF(Videos_Data!C:C,A3,Videos_Data!H:H) -> 372576 | E3: =SUMIF(Videos_Data!C:C,A3,Videos_Data!I:I) -> 102865 | F3: =IF(B3>0,C3/B3,0) -> 2327545.8 | G3: =IF(B3>0,D3/B3,0) -> 62096 | H3: =IF(C3>0,((D3+E3)/C3)*100,0) -> 3.4044514 | I3: News & Politics
A4: BestEntertainmentNetwork | B4: =COUNTIF(Videos_Data!C:C,A4) -> 8 | C4: =SUMIF(Videos_Data!C:C,A4,Videos_Data!G:G) -> 13837920 | D4: =SUMIF(Videos_Data!C:C,A4,Videos_Data!H:H) -> 483039 | E4: =SUMIF(Videos_Data!C:C,A4,Videos_Data!I:I) -> 142778 | F4: =IF(B4>0,C4/B4,0) -> 1729740 | G4: =IF(B4>0,D4/B4,0) -> 60379.875 | H4: =IF(C4>0,((D4+E4)/C4)*100,0) -> 4.5224788 | I4: News & Politics
A5: BestGamingTV | B5: =COUNTIF(Videos_Data!C:C,A5) -> 3 | C5: =SUMIF(Videos_Data!C:C,A5,Videos_Data!G:G) -> 8206325 | D5: =SUMIF(Videos_Data!C:C,A5,Videos_Data!H:H) -> 298141 | E5: =SUMIF(Videos_Data!C:C,A5,Videos_Data!I:I) -> 75001 | F5: =IF(B5>0,C5/B5,0) -> 2735441.7 | G5: =IF(B5>0,D5/B5,0) -> 99380.333 | H5: =IF(C5>0,((D5+E5)/C5)*100,0) -> 4.5470049 | I5: Entertainment
A6: BestLifeProduction | B6: =COUNTIF(Videos_Data!C:C,A6) -> 6 | C6: =SUMIF(Videos_Data!C:C,A6,Videos_Data!G:G) -> 15747153 | D6: =SUMIF(Videos_Data!C:C,A6,Videos_Data!H:H) -> 479688 | E6: =SUMIF(Videos_Data!C:C,A6,Videos_Data!I:I) -> 144309 | F6: =IF(B6>0,C6/B6,0) -> 2624525.5 | G6: =IF(B6>0,D6/B6,0) -> 79948 | H6: =IF(C6>0,((D6+E6)/C6)*100,0) -> 3.962602 | I6: Sports
A7: BestLifeTV | B7: =COUNTIF(Videos_Data!C:C,A7) -> 7 | C7: =SUMIF(Videos_Data!C:C,A7,Videos_Data!G:G) -> 14525009 | D7: =SUMIF(Videos_Data!C:C,A7,Videos_Data!H:H) -> 397291 | E7: =SUMIF(Videos_Data!C:C,A7,Videos_Data!I:I) -> 115800 | F7: =IF(B7>0,C7/B7,0) -> 2075001.3 | G7: =IF(B7>0,D7/B7,0) -> 56755.857 | H7: =IF(C7>0,((D7+E7)/C7)*100,0) -> 3.532466 | I7: Sports
A8: BestMusicTV | B8: =COUNTIF(Videos_Data!C:C,A8) -> 4 | C8: =SUMIF(Videos_Data!C:C,A8,Videos_Data!G:G) -> 10461256 | D8: =SUMIF(Videos_Data!C:C,A8,Videos_Data!H:H) -> 341411 | E8: =SUMIF(Videos_Data!C:C,A8,Videos_Data!I:I) -> 110708 | F8: =IF(B8>0,C8/B8,0) -> 2615314 | G8: =IF(B8>0,D8/B8,0) -> 85352.75 | H8: =IF(C8>0,((D8+E8)/C8)*100,0) -> 4.3218424 | I8: Education
A9: BestReviewStudios | B9: =COUNTIF(Videos_Data!C:C,A9) -> 10 | C9: =SUMIF(Videos_Data!C:C,A9,Videos_Data!G:G) -> 24712080 | D9: =SUMIF(Videos_Data!C:C,A9,Videos_Data!H:H) -> 764472 | E9: =SUMIF(Videos_Data!C:C,A9,Videos_Data!I:I) -> 254615 | F9: =IF(B9>0,C9/B9,0) -> 2471208 | G9: =IF(B9>0,D9/B9,0) -> 76447.2 | H9: =IF(C9>0,((D9+E9)/C9)*100,0) -> 4.1238415 | I9: Film & Animation
A10: BestReviewTV | B10: =COUNTIF(Videos_Data!C:C,A10) -> 6 | C10: =SUMIF(Videos_Data!C:C,A10,Videos_Data!G:G) -> 13619909 | D10: =SUMIF(Videos_Data!C:C,A10,Videos_Data!H:H) -> 519829 | E10: =SUMIF(Videos_Data!C:C,A10,Videos_Data!I:I) -> 153283 | F10: =IF(B10>0,C10/B10,0) -> 2269984.8 | G10: =IF(B10>0,D10/B10,0) -> 86638.167 | H10: =IF(C10>0,((D10+E10)/C10)*100,0) -> 4.9421182 | I10: Autos & Vehicles
A11: BestSportsNetwork | B11: =COUNTIF(Videos_Data!C:C,A11) -> 3 | C11: =SUMIF(Videos_Data!C:C,A11,Videos_Data!G:G) -> 5047246 | D11: =SUMIF(Videos_Data!C:C,A11,Videos_Data!H:H) -> 142397 | E11: =SUMIF(Videos_Data!C:C,A11,Videos_Data!I:I) -> 43154 | F11: =IF(B11>0,C11/B11,0) -> 1682415.3 | G11: =IF(B11>0,D11/B11,0) -> 47465.667 | H11: =IF(C11>0,((D11+E11)/C11)*100,0) -> 3.6762821 | I11: Film & Animation
A12: BestSportsTV | B12: =COUNTIF(Videos_Data!C:C,A12) -> 3 | C12: =SUMIF(Videos_Data!C:C,A12,Videos_Data!G:G) -> 6991135 | D12: =SUMIF(Videos_Data!C:C,A12,Videos_Data!H:H) -> 210329 | E12: =SUMIF(Videos_Data!C:C,A12,Videos_Data!I:I) -> 59895 | F12: =IF(B12>0,C12/B12,0) -> 2330378.3 | G12: =IF(B12>0,D12/B12,0) -> 70109.667 | H12: =IF(C12>0,((D12+E12)/C12)*100,0) -> 3.8652379 | I12: Entertainment
A13: BestSportsZone | B13: =COUNTIF(Videos_Data!C:C,A13) -> 6 | C13: =SUMIF(Videos_Data!C:C,A13,Videos_Data!G:G) -> 13385007 | D13: =SUMIF(Videos_Data!C:C,A13,Videos_Data!H:H) -> 492811 | E13: =SUMIF(Videos_Data!C:C,A13,Videos_Data!I:I) -> 122224 | F13: =IF(B13>0,C13/B13,0) -> 2230834.5 | G13: =IF(B13>0,D13/B13,0) -> 82135.167 | H13: =IF(C13>0,((D13+E13)/C13)*100,0) -> 4.5949546 | I13: Entertainment
... A101: SuperTechWorld | B101: =COUNTIF(Videos_Data!C:C,A101) -> 2 | C101: =SUMIF(Videos_Data!C:C,A101,Videos_Data!G:G) -> 5115515 | D101: =SUMIF(Videos_Data!C:C,A101,Videos_Data!H:H) -> 141629 | E101: =SUMIF(Videos_Data!C:C,A101,Videos_Data!I:I) -> 49947 | F101: =IF(B101>0,C101/B101,0) -> 2557757.5 | G101: =IF(B101>0,D101/B101,0) -> 70814.5 | H101: =IF(C101>0,((D101+E101)/C101)*100,0) -> 3.7449993 | I101: Entertainment

Sheet Category_Analysis
A1: Category | B1: Video_Count | C1: Total_Views | D1: Total_Likes | E1: Total_Comments | F1: Avg_Views | G1: Avg_Engagement_% | H1: Top_Country
A2: Autos & Vehicles | B2: =COUNTIF(Videos_Data!D:D,A2) -> 93 | C2: =SUMIF(Videos_Data!D:D,A2,Videos_Data!G:G) -> 132177527 | D2: =SUMIF(Videos_Data!D:D,A2,Videos_Data!H:H) -> 3400524 | E2: =SUMIF(Videos_Data!D:D,A2,Videos_Data!I:I) -> 976614 | F2: =IF(B2>0,C2/B2,0) -> 1421263.7 | G2: =IF(C2>0,((D2+E2)/C2)*100,0) -> 3.3115599 | H2: KR
A3: Comedy | B3: =COUNTIF(Videos_Data!D:D,A3) -> 92 | C3: =SUMIF(Videos_Data!D:D,A3,Videos_Data!G:G) -> 229539353 | D3: =SUMIF(Videos_Data!D:D,A3,Videos_Data!H:H) -> 9336736 | E3: =SUMIF(Videos_Data!D:D,A3,Videos_Data!I:I) -> 2642698 | F3: =IF(B3>0,C3/B3,0) -> 2494993 | G3: =IF(C3>0,((D3+E3)/C3)*100,0) -> 5.2189021 | H3: US
A4: Education | B4: =COUNTIF(Videos_Data!D:D,A4) -> 85 | C4: =SUMIF(Videos_Data!D:D,A4,Videos_Data!G:G) -> 128610526 | D4: =SUMIF(Videos_Data!D:D,A4,Videos_Data!H:H) -> 3360359 | E4: =SUMIF(Videos_Data!D:D,A4,Videos_Data!I:I) -> 994598 | F4: =IF(B4>0,C4/B4,0) -> 1513065 | G4: =IF(C4>0,((D4+E4)/C4)*100,0) -> 3.3861591 | H4: DE
A5: Entertainment | B5: =COUNTIF(Videos_Data!D:D,A5) -> 78 | C5: =SUMIF(Videos_Data!D:D,A5,Videos_Data!G:G) -> 246989085 | D5: =SUMIF(Videos_Data!D:D,A5,Videos_Data!H:H) -> 7900135 | E5: =SUMIF(Videos_Data!D:D,A5,Videos_Data!I:I) -> 2344359 | F5: =IF(B5>0,C5/B5,0) -> 3166526.7 | G5: =IF(C5>0,((D5+E5)/C5)*100,0) -> 4.1477517 | H5: FR
A6: Film & Animation | B6: =COUNTIF(Videos_Data!D:D,A6) -> 71 | C6: =SUMIF(Videos_Data!D:D,A6,Videos_Data!G:G) -> 146840703 | D6: =SUMIF(Videos_Data!D:D,A6,Videos_Data!H:H) -> 4054080 | E6: =SUMIF(Videos_Data!D:D,A6,Videos_Data!I:I) -> 1203209 | F6: =IF(B6>0,C6/B6,0) -> 2068178.9 | G6: =IF(C6>0,((D6+E6)/C6)*100,0) -> 3.5802668 | H6: ES
A7: Gaming | B7: =COUNTIF(Videos_Data!D:D,A7) -> 76 | C7: =SUMIF(Videos_Data!D:D,A7,Videos_Data!G:G) -> 216093926 | D7: =SUMIF(Videos_Data!D:D,A7,Videos_Data!H:H) -> 10093963 | E7: =SUMIF(Videos_Data!D:D,A7,Videos_Data!I:I) -> 2850073 | F7: =IF(B7>0,C7/B7,0) -> 2843341.1 | G7: =IF(C7>0,((D7+E7)/C7)*100,0) -> 5.9900046 | H7: FR
A8: Howto & Style | B8: =COUNTIF(Videos_Data!D:D,A8) -> 89 | C8: =SUMIF(Videos_Data!D:D,A8,Videos_Data!G:G) -> 162202073 | D8: =SUMIF(Videos_Data!D:D,A8,Videos_Data!H:H) -> 5173642 | E8: =SUMIF(Videos_Data!D:D,A8,Videos_Data!I:I) -> 1452813 | F8: =IF(B8>0,C8/B8,0) -> 1822495.2 | G8: =IF(C8>0,((D8+E8)/C8)*100,0) -> 4.0853085 | H8: MX
A9: Music | B9: =COUNTIF(Videos_Data!D:D,A9) -> 84 | C9: =SUMIF(Videos_Data!D:D,A9,Videos_Data!G:G) -> 368257672 | D9: =SUMIF(Videos_Data!D:D,A9,Videos_Data!H:H) -> 13789407 | E9: =SUMIF(Videos_Data!D:D,A9,Videos_Data!I:I) -> 4061833 | F9: =IF(B9>0,C9/B9,0) -> 4384019.9 | G9: =IF(C9>0,((D9+E9)/C9)*100,0) -> 4.8474862 | H9: US
A10: News & Politics | B10: =COUNTIF(Videos_Data!D:D,A10) -> 78 | C10: =SUMIF(Videos_Data!D:D,A10,Videos_Data!G:G) -> 151908525 | D10: =SUMIF(Videos_Data!D:D,A10,Videos_Data!H:H) -> 3714973 | E10: =SUMIF(Videos_Data!D:D,A10,Videos_Data!I:I) -> 1068822 | F10: =IF(B10>0,C10/B10,0) -> 1947545.2 | G10: =IF(C10>0,((D10+E10)/C10)*100,0) -> 3.1491287 | H10: JP
A11: People & Blogs | B11: =COUNTIF(Videos_Data!D:D,A11) -> 84 | C11: =SUMIF(Videos_Data!D:D,A11,Videos_Data!G:G) -> 133610086 | D11: =SUMIF(Videos_Data!D:D,A11,Videos_Data!H:H) -> 4112993 | E11: =SUMIF(Videos_Data!D:D,A11,Videos_Data!I:I) -> 1180031 | F11: =IF(B11>0,C11/B11,0) -> 1590596.3 | G11: =IF(C11>0,((D11+E11)/C11)*100,0) -> 3.9615452 | H11: JP
A12: Science & Technology | B12: =COUNTIF(Videos_Data!D:D,A12) -> 93 | C12: =SUMIF(Videos_Data!D:D,A12,Videos_Data!G:G) -> 196439039 | D12: =SUMIF(Videos_Data!D:D,A12,Videos_Data!H:H) -> 5835300 | E12: =SUMIF(Videos_Data!D:D,A12,Videos_Data!I:I) -> 1654993 | F12: =IF(B12>0,C12/B12,0) -> 2112247.7 | G12: =IF(C12>0,((D12+E12)/C12)*100,0) -> 3.8130369 | H12: DE
A13: Sports | B13: =COUNTIF(Videos_Data!D:D,A13) -> 77 | C13: =SUMIF(Videos_Data!D:D,A13,Videos_Data!G:G) -> 281797432 | D13: =SUMIF(Videos_Data!D:D,A13,Videos_Data!H:H) -> 10203306 | E13: =SUMIF(Videos_Data!D:D,A13,Videos_Data!I:I) -> 3016388 | F13: =IF(B13>0,C13/B13,0) -> 3659706.9 | G13: =IF(C13>0,((D13+E13)/C13)*100,0) -> 4.6912046 | H13: IN

Sheet Dashboard
A1: YOUTUBE TRENDING ANALYSIS DASHBOARD
A3: KEY METRICS
A5: Total Videos: | C5: =COUNTA(Videos_Data!A:A)-1 -> 1000
A6: Total Views: | C6: =SUM(Videos_Data!G:G) -> 2394465947
A7: Total Likes: | C7: =SUM(Videos_Data!H:H) -> 80975418
A8: Total Comments: | C8: =SUM(Videos_Data!I:I) -> 23446431
A9: Average Views per Video: | C9: =AVERAGE(Videos_Data!G:G) -> 2394465.9
A10: Average Likes per Video: | C10: =AVERAGE(Videos_Data!H:H) -> 80975.418
A11: Average Engagement Rate %: | C11: =AVERAGE(Channel_Analytics!H:H) -> 4.3375382
A12: Total Channels: | C12: =COUNTA(Channel_Analytics!A:A)-1 -> 100
A14: TOP PERFORMING CATEGORIES
